fecha,TbFin,TbFinTGR
01/01/2024,386.9530451,532.498706
02/01/2024,367.2097375,505.8637467
03/01/2024,367.2097375,505.8637467
04/01/2024,367.2097375,505.8637467
05/01/2024,375.5918439,517.5914383
06/01/2024,407.303239,562.1436036
07/01/2024,359.4281674,499.5563024
08/01/2024,356.6377605,493.7232998
09/01/2024,356.6377605,493.7232998
10/01/2024,373.2640858,517.4127289
11/01/2024,368.6330627,511.518947
12/01/2024,360.6473828,501.0340568
13/01/2024,361.6053378,502.1961216
14/01/2024,383.8188268,528.4119756
15/01/2024,397.8506905,548.8419991
16/01/2024,404.7786284,559.4402836
17/01/2024,374.0406099,516.4348165
18/01/2024,361.0401807,499.0256171
19/01/2024,356.6377605,493.7232998
20/01/2024,363.0640421,500.8780263
21/01/2024,352.6290454,485.7956778
22/01/2024,355.6217476,489.5258965
23/01/2024,366.8722761,504.8531767
24/01/2024,367.6361001,505.7703098
25/01/2024,367.6361001,505.7703098
26/01/2024,406.2110252,559.4611481
27/01/2024,390.0310199,538.2174072
28/01/2024,379.5071221,522.3195269
29/01/2024,376.3393391,518.4931498
30/01/2024,376.3393391,518.4931498
31/01/2024,374.8116911,516.3558941
01/02/2024,340.1230153,472.4178723
02/02/2024,336.5987206,467.485674
03/02/2024,348.94237,484.8232083
04/02/2024,354.5050406,493.0139051
05/02/2024,342.4026942,476.9273367
06/02/2024,340.6809152,474.7175086
07/02/2024,336.7474939,467.0928762
08/02/2024,314.3326166,435.8033078
09/02/2024,316.5315588,438.2381101
10/02/2024,318.0265492,440.0016182
11/02/2024,318.0265492,440.0016182
12/02/2024,343.3597421,475.4459536
13/02/2024,318.4202542,442.0191295
14/02/2024,323.390553,448.8173443
15/02/2024,327.357539,453.5309184
16/02/2024,327.357539,453.5309184
17/02/2024,343.8677485,476.6316044
18/02/2024,336.2340445,465.8963396
19/02/2024,333.7439058,464.2026824
20/02/2024,340.1057793,471.8327578
21/02/2024,340.1057793,471.8327578
22/02/2024,320.881364,444.9356308
23/02/2024,320.5221309,444.660763
24/02/2024,326.5737577,452.5992709
25/02/2024,343.770683,478.4468202
26/02/2024,343.770683,478.4468202
27/02/2024,345.8516951,481.3569715
28/02/2024,340.4096761,474.3891188
29/02/2024,344.7894173,480.3364228
01/03/2024,345.7228792,481.46583
02/03/2024,353.5915362,489.3190653
03/03/2024,342.4571235,473.3313768
04/03/2024,338.9899795,468.5896809
05/03/2024,335.5400714,464.4757358
06/03/2024,332.0429913,460.3055472
07/03/2024,332.0429913,460.3055472
08/03/2024,364.9128227,507.717063
09/03/2024,355.5618754,493.9001949
10/03/2024,357.0650302,495.7208537
11/03/2024,357.0650302,495.7208537
12/03/2024,364.1653275,505.6551012
13/03/2024,365.8834778,508.0037238
14/03/2024,367.9390896,511.7838361
15/03/2024,355.5564325,493.7604931
16/03/2024,355.5564325,493.7604931
17/03/2024,344.2260745,477.9070634
18/03/2024,353.0626652,489.79895
19/03/2024,353.4500201,489.9912667
20/03/2024,351.3454219,487.7251951
21/03/2024,370.1788538,513.228933
22/03/2024,368.7382926,511.2123288
23/03/2024,357.9431557,496.5146138
24/03/2024,358.4194117,497.3609888
25/03/2024,361.2107257,500.876212
26/03/2024,356.381943,494.7601772
27/03/2024,356.3565427,494.323836
28/03/2024,376.2694882,522.4583215
29/03/2024,364.4519882,506.2628946
30/03/2024,382.0943264,530.0847683
31/03/2024,371.9514334,515.3834246
01/04/2024,370.1788538,513.228933
02/04/2024,359.955224,500.8127112
03/04/2024,362.4707631,503.8689142
04/04/2024,362.4707631,503.8689142
05/04/2024,384.9990346,535.3888998
06/04/2024,407.9781619,567.4685997
07/04/2024,428.165068,594.661459
08/04/2024,457.9024953,637.5353887
09/04/2024,473.7640894,659.5774255
10/04/2024,466.2328939,649.396432
11/04/2024,435.2472222,606.1750622
12/04/2024,459.4618937,640.0853996
13/04/2024,454.3301214,633.0368102
14/04/2024,457.9024953,637.5353887
15/04/2024,445.1560693,619.919358
16/04/2024,449.8124927,626.3683184
17/04/2024,445.2050556,619.6762407
18/04/2024,440.6329976,613.5366199
19/04/2024,442.7838606,616.2308684
20/04/2024,442.7838606,616.2308684
21/04/2024,416.7612305,579.0348179
22/04/2024,424.5137717,590.2272885
23/04/2024,440.7772352,612.9914201
24/04/2024,439.3493742,611.2052332
25/04/2024,439.3493742,611.2052332
26/04/2024,445.0045745,619.1174336
27/04/2024,428.8009832,595.1168505
28/04/2024,414.0833108,575.4878443
29/04/2024,413.4192738,574.663241
30/04/2024,413.4192738,574.663241
01/05/2024,420.519571,584.5983956
02/05/2024,423.2546414,588.1099902
03/05/2024,432.8260272,602.5464447
04/05/2024,413.1843208,575.7218901
05/05/2024,435.8776944,607.4015349
06/05/2024,436.8383709,609.1142424
07/05/2024,413.5362967,576.2679971
08/05/2024,410.2460478,572.1785452
09/05/2024,387.1843695,540.0915881
10/05/2024,381.1654003,530.3342357
11/05/2024,385.2584808,535.3498922
12/05/2024,385.2584808,535.3498922
13/05/2024,378.8675783,526.4071645
14/05/2024,391.3119219,543.6340259
15/05/2024,341.3921242,477.2974557
16/05/2024,340.2518312,475.9167667
17/05/2024,340.2518312,475.9167667
18/05/2024,315.5990041,441.4240362
19/05/2024,305.4225464,427.2252561
20/05/2024,342.5151813,477.7537543
21/05/2024,371.2329671,518.5176429
22/05/2024,371.2329671,518.5176429
23/05/2024,396.9045285,554.4355129
24/05/2024,409.113012,571.4056497
25/05/2024,396.9734723,555.0560065
26/05/2024,367.5344988,513.8657553
27/05/2024,410.2460478,572.1785452
28/05/2024,410.2460478,572.1785452
29/05/2024,421.4720831,587.9539596
30/05/2024,406.0069155,566.3736644
31/05/2024,399.0726275,556.3514229
01/06/2024,375.0910946,523.2484529
02/06/2024,385.9923687,536.2062459
03/06/2024,339.8345402,471.8735797
04/06/2024,308.2664754,428.2594121
05/06/2024,306.1292197,425.7511302
06/06/2024,306.1292197,425.7511302
07/06/2024,367.4755337,511.5842621
08/06/2024,514.839132,719.8006824
09/06/2024,489.8824082,685.2281223
10/06/2024,489.8824082,685.2281223
11/06/2024,527.2734969,737.545529
12/06/2024,516.1853491,722.3116857
13/06/2024,512.2038485,716.583913
14/06/2024,508.6605036,711.8875749
15/06/2024,451.6812307,630.8723398
16/06/2024,493.7741004,689.7675228
17/06/2024,490.8875352,686.2586497
18/06/2024,494.0444324,690.78535
19/06/2024,513.2216757,717.729649
20/06/2024,490.5836385,686.1225765
21/06/2024,460.0651513,642.4784728
22/06/2024,454.6875402,635.5940783
23/06/2024,441.893035,617.6006715
24/06/2024,452.7507657,632.4090593
25/06/2024,450.1381611,628.9274009
26/06/2024,451.6812307,630.8723398
27/06/2024,407.9772547,568.9037179
28/06/2024,398.2507456,556.0819981
29/06/2024,350.7693789,489.5077534
30/06/2024,435.2880441,607.6537238
01/07/2024,434.2076233,606.2993424
02/07/2024,434.2076233,606.2993424
03/07/2024,519.493741,725.7987871
04/07/2024,519.493741,725.7987871
05/07/2024,515.4215251,720.1009505
06/07/2024,493.0229766,688.7623957
07/07/2024,459.4065572,642.0512031
08/07/2024,475.7326144,665.140096
09/07/2024,402.1179447,564.8106374
10/07/2024,421.6281137,592.1495486
11/07/2024,420.837075,591.1534931
12/07/2024,420.6329653,590.8976755
13/07/2024,420.6365939,590.9022113
14/07/2024,420.6365939,590.9022113
15/07/2024,399.3121162,559.9428471
16/07/2024,385.6267855,541.2119237
17/07/2024,379.1497033,532.3608186
18/07/2024,378.3033283,531.3130553
19/07/2024,378.3033283,531.3130553
20/07/2024,393.0436796,551.9381169
21/07/2024,493.1681213,691.4720658
22/07/2024,490.3931361,687.1385894
23/07/2024,489.4025235,685.8731091
24/07/2024,489.4025235,685.8731091
25/07/2024,442.4699852,620.206926
26/07/2024,430.0846067,602.8784632
27/07/2024,477.3391848,667.6982714
28/07/2024,471.8654153,660.7422117
29/07/2024,471.8654153,660.7422117
30/07/2024,474.5016059,664.4307013
31/07/2024,480.8208432,673.6355967
01/08/2024,486.4542718,682.1855266
02/08/2024,471.5714973,662.178237
03/08/2024,451.1768528,633.5638668
04/08/2024,459.4337719,644.9559114
05/08/2024,429.0023715,602.6072241
06/08/2024,423.8896495,595.4561262
07/08/2024,421.295188,592.1894633
08/08/2024,422.5797186,593.6282102
09/08/2024,429.739888,603.6250513
10/08/2024,430.8819953,605.0656124
11/08/2024,430.8819953,605.0656124
12/08/2024,430.8819953,605.0656124
13/08/2024,389.3642614,546.9750754
14/08/2024,405.7592623,570.5982823
15/08/2024,439.1869936,617.1135296
16/08/2024,436.6133966,613.8568454
17/08/2024,436.6133966,613.8568454
18/08/2024,439.759408,618.2592655
19/08/2024,448.6377278,630.3434688
20/08/2024,449.5158532,631.2061727
21/08/2024,428.5288369,602.1844902
22/08/2024,428.5288369,602.1844902
23/08/2024,446.270962,627.0087694
24/08/2024,448.5715055,629.8418125
25/08/2024,455.0694522,638.7518827
26/08/2024,445.4527088,625.4684213
27/08/2024,421.295188,592.1894633
28/08/2024,405.4925589,570.07939
29/08/2024,403.3072241,567.3415981
30/08/2024,410.8883131,577.8518886
31/08/2024,411.5596073,578.964967
01/09/2024,426.2809084,599.3505399
02/09/2024,406.2228182,571.2169615
03/09/2024,405.9851438,570.9194149
04/09/2024,405.9851438,570.9194149
05/09/2024,405.9851438,570.9194149
06/09/2024,424.3405052,596.6018622
07/09/2024,441.5492235,620.74759
08/09/2024,446.6202164,626.9153325
09/09/2024,411.9406122,579.7569128
10/09/2024,426.9821387,600.8019869
11/09/2024,449.3407724,631.4574544
12/09/2024,458.5810468,643.9326413
13/09/2024,441.7079756,620.6967893
14/09/2024,445.5996678,625.6226375
15/09/2024,448.4599255,630.7489669
16/09/2024,435.428653,612.4961138
17/09/2024,415.3968703,584.5466878
18/09/2024,413.972638,582.7541508
19/09/2024,409.0513255,576.1246667
20/09/2024,411.9406122,579.7569128
21/09/2024,468.7448043,658.640335
22/09/2024,457.0062268,641.8498148
23/09/2024,454.1314546,638.2783481
24/09/2024,448.7420505,631.1072928
25/09/2024,448.4599255,630.7489669
26/09/2024,448.4599255,630.7489669
27/09/2024,454.1895125,638.5958521
28/09/2024,468.190533,657.9327546
29/09/2024,446.1276316,627.6265415
30/09/2024,449.7925353,632.2784291
01/10/2024,449.7925353,632.2784291
02/10/2024,443.4705765,623.433674
03/10/2024,456.3086251,640.4936191
04/10/2024,467.2498139,655.801849
05/10/2024,496.8538895,697.2225174
06/10/2024,471.4744318,661.8280754
07/10/2024,474.8753535,666.7221733
08/10/2024,520.2403291,730.1358921
09/10/2024,449.9458444,630.5394142
10/10/2024,426.5675692,598.0732666
11/10/2024,424.6180944,595.6239498
12/10/2024,431.4181236,604.1675296
13/10/2024,7201.548355,10078.34078
14/10/2024,601.2120207,843.3496642
15/10/2024,606.3610289,850.0626065
16/10/2024,606.3610289,850.0626065
17/10/2024,434.5795565,609.7129642
18/10/2024,448.3020806,628.8983719
19/10/2024,23119.79243,32350.88731
20/10/2024,22998.71363,32181.7511
21/10/2024,22998.71363,32181.7511
22/10/2024,22998.71363,32181.7511
23/10/2024,50812.60173,71097.82343
24/10/2024,45561.86798,63751.23016
25/10/2024,525.9535873,737.4901925
26/10/2024,525.9535873,737.4901925
27/10/2024,522.0591736,732.0409163
28/10/2024,524.0558203,735.6187331
29/10/2024,688.5183712,965.770146
30/10/2024,23157.16175,32403.09042
31/10/2024,435.5529332,610.0504257
01/11/2024,448.1324428,627.6510347
02/11/2024,476.3585509,666.9190258
03/11/2024,459.9735287,644.8388885
04/11/2024,451.6512946,632.9923596
05/11/2024,442.9788988,620.3284846
06/11/2024,427.1000688,598.9586492
07/11/2024,420.1131659,589.1541248
08/11/2024,423.1784405,593.2816772
09/11/2024,423.163926,592.8816221
10/11/2024,422.7747568,592.3944802
11/11/2024,422.7747568,592.3944802
12/11/2024,425.4127617,596.083877
13/11/2024,410.905549,576.2797901
14/11/2024,404.882044,567.5747368
15/11/2024,400.8052923,562.4937652
16/11/2024,400.8052923,562.4937652
17/11/2024,417.0306553,585.1962103
18/11/2024,419.0536096,587.9203949
19/11/2024,433.3140762,606.573303
20/11/2024,428.4154426,600.4227964
21/11/2024,428.4154426,600.4227964
22/11/2024,419.208733,587.5412044
23/11/2024,420.5241068,589.3809134
24/11/2024,422.0717121,591.4165678
25/11/2024,442.127988,619.255321
26/11/2024,442.127988,619.255321
27/11/2024,422.2676575,591.4682756
28/11/2024,429.5466641,600.5842699
29/11/2024,438.3805333,612.5451002
30/11/2024,438.8903541,613.6726931
01/12/2024,430.5935203,603.8790545
02/12/2024,422.7039987,592.8462431
03/12/2024,422.7039987,592.8462431
04/12/2024,422.7039987,592.8462431
05/12/2024,422.7039987,592.8462431
06/12/2024,418.7787418,587.3543306
07/12/2024,453.5064252,637.8039064
08/12/2024,453.5064252,637.8039064
09/12/2024,455.4005636,640.4537043
10/12/2024,473.9845279,666.4999204
11/12/2024,485.879136,683.2296613
12/12/2024,468.6686033,658.7791296
13/12/2024,452.4187472,636.1773786
14/12/2024,462.5416827,650.3407797
15/12/2024,466.1077066,655.3582505
16/12/2024,453.9527452,638.6149024
17/12/2024,457.319195,643.1352526
18/12/2024,453.2560506,637.4864023
19/12/2024,431.409052,606.3601217
20/12/2024,446.2373973,626.9153325
21/12/2024,449.3861301,631.496462
22/12/2024,452.787959,636.3134517
23/12/2024,455.0349804,639.4957493
24/12/2024,452.4187472,636.1773786
25/12/2024,417.211179,585.5826581
26/12/2024,420.88969,591.2278797
27/12/2024,425.0789289,597.3148855
28/12/2024,420.2347245,590.4976205
29/12/2024,418.6526473,588.5109524
30/12/2024,418.6526473,588.5109524
31/12/2024,470.0483851,660.9073138
01/01/2025,472.6773185,664.2538062
02/01/2025,472.6773185,664.2538062
03/01/2025,494.3728223,694.6099128
04/01/2025,503.9061075,707.7273649
05/01/2025,507.9302443,713.3363004
06/01/2025,465.781131,654.9953888
07/01/2025,474.4879986,667.355367
08/01/2025,477.2312334,671.0093848
09/01/2025,474.2984033,667.1131568
10/01/2025,464.5800586,653.4677408
11/01/2025,464.3333126,653.1538654
12/01/2025,465.781131,654.9953888
13/01/2025,473.8076328,666.4872203
14/01/2025,470.3250672,661.7346385
15/01/2025,465.8845466,655.4480588
16/01/2025,457.9841392,644.4370191
17/01/2025,459.3385207,646.1587981
18/01/2025,459.3385207,646.1587981
19/01/2025,480.90793,676.3234951
20/01/2025,475.2001148,668.3405366
21/01/2025,478.9784127,673.0795111
22/01/2025,478.0404151,671.8838816
23/01/2025,478.0404151,671.8838816
24/01/2025,490.7714195,689.6976719
25/01/2025,495.834248,696.3253417
26/01/2025,490.3577571,688.7034307
27/01/2025,489.8424934,688.046651
28/01/2025,489.8424934,688.046651
29/01/2025,488.5615914,686.2532068
30/01/2025,488.0100416,686.16612
31/01/2025,460.3871911,647.6574171
01/02/2025,488.1588149,686.5253531
02/02/2025,482.6015872,678.8109123
03/02/2025,480.725592,676.2609014
04/02/2025,470.7169579,662.166444
05/02/2025,473.4846859,665.6880173
06/02/2025,533.7669078,748.6853846
07/02/2025,539.1690121,757.0892626
08/02/2025,534.3384151,750.8643694
09/02/2025,534.3384151,750.8643694
10/02/2025,559.8004238,786.4892285
11/02/2025,579.7714272,815.1063202
12/02/2025,507.840436,713.7617558
13/02/2025,516.1953277,724.4734345
14/02/2025,516.1953277,724.4734345
15/02/2025,503.2221132,706.32309
16/02/2025,528.2223803,740.5872176
17/02/2025,534.4372949,749.5462741
18/02/2025,507.2580429,713.8932932
19/02/2025,507.2580429,713.8932932
20/02/2025,516.6407405,727.020724
21/02/2025,530.3732433,745.7543688
22/02/2025,511.3583807,719.0849376
23/02/2025,517.6059528,727.2547698
24/02/2025,473.4846859,665.6880173
25/02/2025,488.1343217,686.1851702
26/02/2025,492.9739903,693.2936318
27/02/2025,486.2220403,684.2039451
28/02/2025,496.3676548,698.4635045
01/03/2025,507.017647,713.5839535
02/03/2025,563.3519332,792.3149738
03/03/2025,559.2815315,786.5844797
04/03/2025,546.4135469,768.3406982
05/03/2025,549.634852,772.500001
06/03/2025,549.634852,772.500001
07/03/2025,549.634852,772.500001
08/03/2025,612.2003815,860.2608359
09/03/2025,609.5841483,855.9944889
10/03/2025,609.5841483,855.9944889
11/03/2025,629.4472003,883.7869772
12/03/2025,620.5198942,871.7145669
13/03/2025,614.1816067,862.8444115
14/03/2025,612.8562541,861.1162825
15/03/2025,565.6379622,795.1452955
16/03/2025,574.5017675,807.54791
17/03/2025,581.68008,817.8232475
18/03/2025,601.4333663,845.0723503
19/03/2025,601.9168796,845.3898544
20/03/2025,609.8445016,856.3337646
21/03/2025,573.0385275,805.3253818
22/03/2025,560.9162237,788.701778
23/03/2025,559.7187799,787.0852289
24/03/2025,564.5720558,793.5006246
25/03/2025,564.5638914,793.7537207
26/03/2025,565.6379622,795.1452955
27/03/2025,563.4843777,792.2904807
28/03/2025,547.6282266,770.1804073
29/03/2025,552.955037,777.3342266
30/03/2025,566.2902062,795.9245411
31/03/2025,566.6866326,796.4370833
01/04/2025,566.6866326,796.4370833
02/04/2025,595.026135,836.7628163
03/04/2025,595.026135,836.7628163
04/04/2025,605.7378138,851.7499136
05/04/2025,603.2367892,848.2482978
06/04/2025,622.3251314,874.9395007
07/04/2025,633.5729384,890.5688633
08/04/2025,656.6409668,921.6107786
09/04/2025,612.1205519,859.1849508
10/04/2025,627.3498594,880.523943
11/04/2025,635.668465,892.4158296
12/04/2025,664.5658673,932.8567712
13/04/2025,666.3339112,935.1718292
14/04/2025,666.3339112,935.1718292
15/04/2025,589.2094613,828.5122474
16/04/2025,585.6779093,823.2897597
17/04/2025,603.9842844,848.8515554
18/04/2025,606.9125787,852.6616038
19/04/2025,606.9125787,852.6616038
20/04/2025,601.8025782,845.5123202
21/04/2025,612.2811183,860.2109424
22/04/2025,597.3348429,839.7029036
23/04/2025,595.643,837.5021472
24/04/2025,595.643,837.5021472
25/04/2025,604.4841265,849.8730113
26/04/2025,593.5556378,834.6636611
27/04/2025,626.5252561,880.5402718
28/04/2025,625.7977183,879.5913883
29/04/2025,625.7977183,879.5913883
30/04/2025,618.83803,869.852179
01/05/2025,617.7657736,868.1521717
02/05/2025,613.7498012,862.3690627
03/05/2025,662.1891229,929.8250613
04/05/2025,699.1665492,981.8013779
05/05/2025,726.5517252,1020.33276
06/05/2025,718.1687117,1008.871771
07/05/2025,718.4608154,1009.256405
08/05/2025,718.4608154,1009.256405
09/05/2025,735.8010711,1033.349518
10/05/2025,735.6386905,1033.134522
11/05/2025,735.6386905,1033.134522
12/05/2025,788.4178387,1106.981423
13/05/2025,831.7145023,1167.333496
14/05/2025,805.9250108,1131.269574
15/05/2025,743.3059592,1044.207248
16/05/2025,743.3059592,1044.207248
17/05/2025,753.4161946,1058.352506
18/05/2025,712.6142055,1001.034865
19/05/2025,725.2073224,1018.148332
20/05/2025,730.6175911,1025.797458
21/05/2025,732.3711205,1028.822817
22/05/2025,758.9507434,1066.011611
23/05/2025,775.7575923,1089.689247
24/05/2025,802.1058909,1126.565979
25/05/2025,773.1186803,1085.910949
26/05/2025,743.416632,1044.354207
27/05/2025,718.4608154,1009.256405
28/05/2025,697.1463164,979.6251146
29/05/2025,731.5084167,1027.734232
30/05/2025,738.4844337,1037.343718
31/05/2025,732.591559,1029.114014
01/06/2025,732.3711205,1028.822817
02/06/2025,799.9622852,1122.437519
03/06/2025,815.451946,1143.591452
04/06/2025,817.8477406,1146.768307
05/06/2025,817.8477406,1146.768307
06/06/2025,861.5889099,1207.969476
07/06/2025,886.9012382,1243.526299
08/06/2025,814.230009,1142.346836
09/06/2025,744.3881944,1044.792363
10/06/2025,818.3793331,1148.317726
11/06/2025,815.9853527,1145.185322
12/06/2025,841.2115014,1180.465463
13/06/2025,809.1263586,1135.574929
14/06/2025,809.2832963,1135.783574
15/06/2025,752.7848152,1055.613807
16/06/2025,708.3968449,993.8864884
17/06/2025,715.2776107,1003.807129
18/06/2025,740.5409527,1039.408402
19/06/2025,741.6921316,1041.233596
20/06/2025,744.3881944,1044.792363
21/06/2025,777.9683275,1090.519293
22/06/2025,794.3615141,1113.260746
23/06/2025,847.5661177,1187.76987
24/06/2025,794.0748533,1113.180009
25/06/2025,791.3887692,1109.625778
26/06/2025,791.3887692,1109.625778
27/06/2025,860.7688423,1206.788361
28/06/2025,823.144615,1154.127143
29/06/2025,820.1283267,1149.602257
30/06/2025,816.7772985,1145.1572
01/07/2025,816.7772985,1145.1572
02/07/2025,778.1796945,1091.154301
03/07/2025,778.8428243,1092.902388
04/07/2025,741.412728,1040.532366
05/07/2025,795.8882549,1116.198112
06/07/2025,809.5763071,1135.350862
07/07/2025,854.155687,1196.82962
08/07/2025,792.3530743,1110.424981
09/07/2025,715.0127217,1001.866725
10/07/2025,722.8006419,1012.092169
11/07/2025,729.8800746,1021.38778
12/07/2025,733.3571973,1025.952581
13/07/2025,733.3571973,1025.952581
14/07/2025,754.5637449,1055.624693
15/07/2025,737.2561467,1033.405761
16/07/2025,736.017881,1031.992415
17/07/2025,738.3728537,1035.093976
18/07/2025,738.3728537,1035.093976
19/07/2025,702.7743021,985.2857579
20/07/2025,721.3491949,1011.097928
21/07/2025,709.8999996,996.0482373
22/07/2025,709.7403405,995.8386846
23/07/2025,709.7403405,995.8386846
24/07/2025,685.6980283,962.2004935
25/07/2025,736.3807428,1033.113658
26/07/2025,729.3140102,1023.112281
27/07/2025,784.8899154,1100.555142
28/07/2025,784.8899154,1100.555142
29/07/2025,761.316602,1067.571009
30/07/2025,718.4227149,1008.184148
31/07/2025,676.9095168,950.2786709
01/08/2025,709.7203831,996.3040548
02/08/2025,704.1749484,984.5609415
03/08/2025,661.6194299,925.251189
04/08/2025,642.6916541,899.5560416
05/08/2025,620.3593279,868.7853655
06/08/2025,621.2165888,869.8975367
07/08/2025,621.2165888,869.8975367
08/08/2025,531.3674845,746.1680312
09/08/2025,518.2999259,727.4044503
10/08/2025,516.1916991,724.7129233
11/08/2025,516.1916991,724.7129233
12/08/2025,509.6329731,715.5361497
13/08/2025,526.2683698,738.9407324
14/08/2025,533.8140799,749.3022496
15/08/2025,577.9208323,810.3555527
16/08/2025,577.9208323,810.3555527
17/08/2025,615.1232329,862.4089774
18/08/2025,598.8470692,840.1546665
19/08/2025,600.890888,843.0067599
20/08/2025,518.9603343,728.2471967
21/08/2025,577.3030602,809.1943951
22/08/2025,620.7103966,869.9274728
23/08/2025,567.8450688,796.3445535
24/08/2025,590.2490602,827.5651782
25/08/2025,592.6793267,830.3474207
26/08/2025,585.799468,820.5174959
27/08/2025,592.8081426,830.149661
28/08/2025,596.3741664,834.8260418
29/08/2025,601.0931835,842.0107044
30/08/2025,576.7315529,808.235533
31/08/2025,574.8274359,806.0021189
01/09/2025,577.3030602,809.1943951
02/09/2025,583.302072,818.4319481
03/09/2025,581.5675929,816.1912768
04/09/2025,581.5675929,816.1912768
05/09/2025,556.163642,780.6471544
06/09/2025,572.5287068,803.6779894
07/09/2025,603.7076023,846.968303
08/09/2025,740.6815616,1038.206422
09/09/2025,613.0195419,860.3769517
10/09/2025,625.6099374,877.9666748
11/09/2025,661.1513383,927.2260641
12/09/2025,658.3128523,923.1511267
13/09/2025,737.4883782,1034.004483
14/09/2025,740.6815616,1038.206422
15/09/2025,656.3198341,921.3413537
16/09/2025,677.8910578,951.555037
17/09/2025,657.0682365,922.1387424
18/09/2025,597.682283,838.8910005
19/09/2025,597.4364442,838.5725893
20/09/2025,597.4364442,838.5725893
21/09/2025,658.3128523,923.764363
22/09/2025,680.9345607,955.5982241
23/09/2025,643.0472586,902.6222234
24/09/2025,642.8948567,902.4226494
25/09/2025,642.8948567,902.4226494
26/09/2025,642.8948567,902.4226494
27/09/2025,596.1074631,836.6485149
28/09/2025,572.7201163,804.1361024
29/09/2025,574.2659074,806.1309348
30/09/2025,574.2659074,806.1309348
01/10/2025,618.4370678,867.9335475
02/10/2025,614.8792084,863.0521499
03/10/2025,740.1481548,1037.535128
04/10/2025,767.992351,1076.159039
05/10/2025,899.8889673,1261.321946
06/10/2025,918.5427825,1287.574086
07/10/2025,765.0332134,1072.732717
08/10/2025,763.5164513,1070.733349
09/10/2025,705.6490743,990.4783095
10/10/2025,661.4951498,928.8498704
11/10/2025,673.7154263,944.820323
12/10/2025,673.7154263,944.820323
13/10/2025,679.6781519,954.0433615
14/10/2025,651.5173589,914.7390842
15/10/2025,651.5173589,914.7390842
16/10/2025,651.5173589,914.7390842
17/10/2025,656.9239989,922.2811656
18/10/2025,672.9643025,944.7894798
19/10/2025,578.4605892,812.1997976
20/10/2025,578.4605892,812.1997976
21/10/2025,599.2026738,841.2205729
22/10/2025,618.7582004,868.5712771
23/10/2025,644.466048,904.5617194
24/10/2025,681.6911275,956.6786449
25/10/2025,763.5164513,1070.733349
26/10/2025,633.635532,889.0085578
27/10/2025,632.9832881,888.0959605
28/10/2025,604.3544034,847.5534175
29/10/2025,585.5608864,821.5099228
30/10/2025,580.6586242,815.0382836
31/10/2025,640.6151777,898.717831
01/11/2025,659.4594954,925.6557799
02/11/2025,680.2478449,954.7999282
03/11/2025,673.5702816,945.1750204
04/11/2025,699.7362421,981.2525495
05/11/2025,699.2400287,980.6021199
06/11/2025,764.1650667,1073.063829
07/11/2025,721.4571463,1012.868694
08/11/2025,753.4778811,1057.94338
09/11/2025,751.7960169,1055.725387
10/11/2025,751.7960169,1055.725387
11/11/2025,786.9509701,1104.912204
12/11/2025,747.0697427,1049.593931
13/11/2025,674.2669761,945.660348
14/11/2025,669.9416641,940.0105906
15/11/2025,669.9416641,940.0105906
16/11/2025,668.636269,938.1844888
17/11/2025,705.8422982,990.2415422
18/11/2025,729.1661441,1023.276476
19/11/2025,708.9828666,993.4809904
20/11/2025,708.9828666,993.4809904
21/11/2025,687.0061449,962.7329932
22/11/2025,661.5622792,927.1453273
23/11/2025,665.2616547,932.5401744
24/11/2025,697.9192119,978.2798047
25/11/2025,699.2400287,980.6021199
26/11/2025,733.4216052,1028.427298
27/11/2025,696.19199,975.7180008
28/11/2025,694.3032946,972.3297792
29/11/2025,721.5224614,1009.905927
30/11/2025,708.7769425,993.2124727
01/12/2025,788.0540698,1107.08121
02/12/2025,789.5681104,1109.56772
03/12/2025,791.3397829,1111.9109
04/12/2025,791.3397829,1111.9109
05/12/2025,820.4204304,1152.599495
06/12/2025,855.6134841,1202.031244
07/12/2025,907.6260868,1273.860633
08/12/2025,920.4405494,1291.790539
09/12/2025,977.9604863,1371.883198
10/12/2025,992.5629502,1392.367651
11/12/2025,969.3289125,1359.700115
12/12/2025,974.4715707,1366.574531
13/12/2025,1044.498445,1466.317968
14/12/2025,966.8814101,1357.84317
15/12/2025,941.7124122,1322.232826
16/12/2025,940.0976774,1319.673743
17/12/2025,901.6424966,1265.885839
18/12/2025,907.6260868,1273.860633
19/12/2025,931.9178665,1308.017717
20/12/2025,941.7142265,1322.034159
21/12/2025,961.3441398,1349.973606
22/12/2025,961.3441398,1349.973606
23/12/2025,961.3441398,1349.973606
24/12/2025,961.3441398,1349.973606
25/12/2025,891.1258561,1251.995492
26/12/2025,862.3717841,1211.32504
27/12/2025,890.0889786,1249.642333
28/12/2025,893.993371,1254.841235
29/12/2025,893.993371,1254.841235
30/12/2025,906.7951334,1272.752998
31/12/2025,968.2376058,1357.923
01/01/2026,968.2376058,1357.923
02/01/2026,1057.047111,1482.181376
03/01/2026,1123.28208,1575.406002
04/01/2026,1179.526558,1654.002764
05/01/2026,1166.498914,1635.980328
06/01/2026,1126.878947,1582.084473
07/01/2026,1203.959854,1689.72741
08/01/2026,1251.277025,1756.03858
09/01/2026,1230.446947,1726.726608
10/01/2026,1129.280185,1585.317571
11/01/2026,1126.878947,1582.084473
12/01/2026,1126.878947,1582.084473
13/01/2026,1158.220223,1625.127133
14/01/2026,1127.218223,1582.075401
15/01/2026,1099.464742,1543.236494
16/01/2026,1097.39643,1540.455159
17/01/2026,1097.39643,1540.455159
18/01/2026,1113.213574,1562.585189
19/01/2026,1076.669767,1510.189768
20/01/2026,1103.827248,1548.507968
21/01/2026,1106.96963,1552.731679
22/01/2026,1106.96963,1552.731679
23/01/2026,1121.807954,1573.493721
24/01/2026,1156.730676,1622.854711
25/01/2026,1168.481046,1638.98573
26/01/2026,1166.741124,1636.640736
27/01/2026,1166.741124,1636.640736
28/01/2026,1044.751541,1465.957828
29/01/2026,973.4546506,1366.52373
30/01/2026,1063.604023,1492.06573
31/01/2026,1121.437835,1575.190099
01/02/2026,1133.890343,1592.901381
02/02/2026,1163.627771,1633.941952
03/02/2026,1126.036201,1581.217233
04/02/2026,1116.267963,1568.065309
05/02/2026,1116.267963,1568.065309
06/02/2026,868.3807746,1219.837777
07/02/2026,867.9761838,1219.299834
08/02/2026,867.9761838,1219.299834
09/02/2026,863.522963,1213.069498
10/02/2026,921.8294028,1295.122517
11/02/2026,939.2630954,1319.489591
12/02/2026,993.549027,1393.465308
13/02/2026,993.549027,1393.465308
14/02/2026,993.549027,1393.465308
15/02/2026,927.3793732,1301.15963
16/02/2026,907.8819044,1274.540999
17/02/2026,932.7996205,1309.541736
18/02/2026,1144.741724,1607.748777
19/02/2026,1131.041879,1588.580605
20/02/2026,1059.812118,1488.014379
21/02/2026,1054.317484,1478.832163
22/02/2026,1114.195115,1562.023661
23/02/2026,997.8616388,1399.22846
24/02/2026,1204.44881,1691.444653
25/02/2026,1238.309254,1738.775432
26/02/2026,1261.966933,1771.931924
27/02/2026,1073.077436,1507.517291
28/02/2026,1143.476243,1606.044234
01/03/2026,1144.741724,1607.748777
02/03/2026,917.0904284,1288.471262
03/03/2026,798.6024608,1122.226152
04/03/2026,798.20422,1121.70091
05/03/2026,798.20422,1121.70091
06/03/2026,798.20422,1121.70091
07/03/2026,825.4651159,1159.126471
08/03/2026,1173.405987,1645.962654
09/03/2026,1153.247203,1616.952765
10/03/2026,1191.286,1670.175512
11/03/2026,1260.390298,1767.271872
12/03/2026,1189.241274,1667.866804
13/03/2026,1176.43044,1650.035778
14/03/2026,1180.760288,1655.865151
15/03/2026,1062.008338,1488.471585
16/03/2026,1039.597997,1458.071028
17/03/2026,1053.938293,1478.756869
18/03/2026,1104.813324,1549.809734
19/03/2026,1144.493164,1605.180623
20/03/2026,1153.247203,1616.952765
21/03/2026,960.1575819,1347.407267
22/03/2026,945.3120007,1325.755306
23/03/2026,984.0257204,1379.803563
24/03/2026,945.2521285,1325.631026
25/03/2026,952.9647549,1335.901828
26/03/2026,952.9647549,1335.901828
27/03/2026,827.0725934,1161.646545
28/03/2026,857.6418812,1203.631464
29/03/2026,899.5215697,1261.75738
30/03/2026,894.6165861,1255.243104
31/03/2026,894.6165861,1255.243104
01/04/2026,960.6828243,1347.681227
02/04/2026,1144.868725,1606.401652
03/04/2026,1093.755113,1534.886138
04/04/2026,1050.268854,1474.128567
05/04/2026,1051.255838,1475.758724
06/04/2026,1119.637134,1570.697871
07/04/2026,1126.921583,1580.551382
08/04/2026,1170.133882,1643.072461
09/04/2026,1216.437762,1707.177431
10/04/2026,1229.998813,1726.625006
11/04/2026,1227.2964,1723.073497
12/04/2026,1228.701582,1724.968543
13/04/2026,1228.701582,1724.968543
14/04/2026,1201.472436,1686.871688
15/04/2026,1227.914172,1723.906265
16/04/2026,1196.110247,1679.090118
17/04/2026,1198.657536,1682.52279
18/04/2026,1198.657536,1682.52279
19/04/2026,1257.322302,1764.603931
20/04/2026,1264.67116,1774.558136
21/04/2026,1166.074366,1637.306587
22/04/2026,1166.257611,1637.553333
23/04/2026,1166.257611,1637.553333
24/04/2026,1133.304322,1591.446306
25/04/2026,1221.450697,1715.027038
26/04/2026,1238.392712,1738.768175
27/04/2026,1111.633311,1560.024293
28/04/2026,1111.633311,1560.024293
29/04/2026,1060.625835,1488.655737
30/04/2026,1098.822477,1541.90842
01/05/2026,1084.21457,1521.827651
02/05/2026,1144.984841,1606.876094
03/05/2026,1168.198014,1640.163217
04/05/2026,1234.217988,1732.089704
05/05/2026,1180.870961,1657.596002
06/05/2026,1189.322918,1668.980789
07/05/2026,1189.322918,1668.980789
08/05/2026,1189.322918,1668.980789
09/05/2026,779.7291142,1096.731486
10/05/2026,779.7291142,1096.731486
11/05/2026,811.4178305,1141.067749
12/05/2026,853.6204659,1199.52659
13/05/2026,805.52042,1131.672351
14/05/2026,760.4711341,1068.62603
15/05/2026,1002.303974,1408.102244
16/05/2026,976.9326805,1372.604386
17/05/2026,993.1535077,1395.078228
18/05/2026,996.7839395,1400.327024
19/05/2026,958.9510666,1347.37733
20/05/2026,781.2467834,1098.731761
21/05/2026,1074.284858,1508.68752
22/05/2026,1079.05014,1515.698916
23/05/2026,1105.607992,1553.170741
24/05/2026,1063.313734,1493.235052
25/05/2026,1002.303974,1408.102244
26/05/2026,1002.303974,1408.102244
27/05/2026,1108.782125,1557.086927
28/05/2026,1066.8852,1498.504712
29/05/2026,1063.643031,1493.453677
30/05/2026,1043.601269,1465.728318
31/05/2026,1043.137713,1465.107824
01/06/2026,1043.137713,1465.107824
02/06/2026,674.8729552,949.0004903
03/06/2026,671.4293973,944.5137049
04/06/2026,671.4293973,944.5137049
05/06/2026,710.5386363,999.2332562
06/06/2026,754.5011512,1061.03859
07/06/2026,854.8269812,1201.67836
08/06/2026,636.6527275,896.8971722
09/06/2026,642.7424547,904.8084654
10/06/2026,699.3516087,984.2488804
11/06/2026,690.7554139,972.2535782
12/06/2026,688.1400879,968.8354206
13/06/2026,637.2015559,897.6111026
14/06/2026,636.6527275,896.8971722
15/06/2026,790.54693,1111.496331
16/06/2026,735.7529919,1035.10214
17/06/2026,669.371064,942.1378676
18/06/2026,562.075567,791.7017375
19/06/2026,560.0063479,789.048311
20/06/2026,560.0063479,789.048311
21/06/2026,831.6083652,1169.265735
22/06/2026,798.8909358,1123.518847
23/06/2026,773.5033137,1087.792387
24/06/2026,773.6684158,1088.009197
25/06/2026,773.6684158,1088.009197
26/06/2026,785.1212397,1104.034079
27/06/2026,885.2928535,1244.394445
28/06/2026,836.8462745,1176.151944
29/06/2026,836.1486728,1175.228461
30/06/2026,836.1486728,1175.228461
01/07/2026,816.9950155,1148.428399
02/07/2026,814.1465508,1144.614722
03/07/2026,582.5772557,821.299463
04/07/2026,448.9334601,634.328598
05/07/2026,402.8699757,569.8952376
06/07/2026,448.1895935,633.3044207
07/07/2026,266.0828902,378.736948
08/07/2026,265.2446796,377.796229
09/07/2026,806.4058026,1135.555879
10/07/2026,802.6157117,1130.542036
11/07/2026,802.6510907,1130.587394
12/07/2026,802.6510907,1130.587394
13/07/2026,781.1261319,1100.471684
14/07/2026,781.2358976,1100.712987
15/07/2026,727.5405235,1025.658663
16/07/2026,731.6943833,1031.120639
17/07/2026,731.6943833,1031.120639
18/07/2026,760.6942941,1071.69584
19/07/2026,766.8647581,1080.329228
20/07/2026,807.419094,1136.895746
21/07/2026,555.4515258,784.6440765
22/07/2026,555.4515258,784.6440765
23/07/2026,734.0239557,1034.495254
24/07/2026,774.9338962,1091.32031
25/07/2026,732.4382499,1032.253675
26/07/2026,742.2137453,1045.988899
27/07/2026,265.2446796,377.796229
28/07/2026,406.9938994,576.1255738
29/07/2026,466.9704104,660.4746011
30/07/2026,403.3852393,571.6705387
31/07/2026,557.5987602,787.4036401
01/08/2026,560.4590179,791.0785224
02/08/2026,776.5694955,1094.348392
03/08/2026,757.256179,1067.64721
04/08/2026,621.5767291,877.2772375
05/08/2026,614.2024712,867.7049446
06/08/2026,614.2024712,867.7049446
07/08/2026,600.2223153,848.1457893
08/08/2026,384.1599168,545.0410223
09/08/2026,729.911825,1028.333861
10/08/2026,729.911825,1028.333861
11/08/2026,729.911825,1028.333861
12/08/2026,467.0629401,660.9944006
13/08/2026,384.5055427,545.5726148
14/08/2026,384.6053296,545.5862221
15/08/2026,697.3313759,982.0934816
16/08/2026,743.2143366,1046.291889
17/08/2026,631.2442731,889.6372158
18/08/2026,843.4213294,1186.616877
19/08/2026,875.7278179,1231.840336
20/08/2026,734.0121627,1033.718729
21/08/2026,728.3270263,1025.823765
22/08/2026,787.6667149,1108.850161
23/08/2026,741.4916505,1043.813543
24/08/2026,795.3811556,1119.725128
25/08/2026,694.0692488,977.8262275
26/08/2026,697.3313759,982.0934816
27/08/2026,604.0278278,852.8838566
28/08/2026,607.6029232,856.6657831
29/08/2026,645.3614094,909.3596588
30/08/2026,644.7327514,908.7908731
31/08/2026,644.001585,907.8392681
01/09/2026,644.001585,907.8392681
02/09/2026,358.2479595,509.0669087
03/09/2026,358.2479595,509.0669087
04/09/2026,358.2479595,509.0669087
05/09/2026,453.3159228,641.7581922
06/09/2026,483.9777404,684.6103502
07/09/2026,460.3227832,651.7078613
08/09/2026,473.238847,671.5055982
09/09/2026,470.4284828,667.308195
10/09/2026,436.5816462,620.2413978
11/09/2026,377.4905179,537.5488344
12/09/2026,361.753204,515.5639483
13/09/2026,362.0044858,515.8705665
14/09/2026,362.0044858,515.8705665
15/09/2026,423.3371925,601.8143712
16/09/2026,381.4411752,543.3183362
17/09/2026,429.6600584,610.7852207
18/09/2026,435.3034657,617.8474174
19/09/2026,435.3034657,617.8474174
20/09/2026,449.8070497,638.1395535
21/09/2026,502.998046,712.3329877
22/09/2026,437.5867733,621.0614654
23/09/2026,434.5305702,617.2341811
24/09/2026,434.5305702,617.2341811
25/09/2026,434.5305702,617.2341811
26/09/2026,434.094229,616.863155
